id,selected_option
a80a7c75ef0f,A
0db8b46104cb,C
28e7b4a0c8b7,B
ef310d9e618c,B
0cac7449606e,B
76f3cf682470,C
820be2fca988,D
12a4e74b59f6,C
99d0854cdea9,D
1f1807306833,C
de9c2829e5c5,D
be16208d4357,B
dc22d7c6243d,C
64fe7c2bff95,B
d330578a92c0,D
bf227d3b2406,D
40c8651c7b55,C
bd99e4b2c633,C
0c808192042b,C
2ef5d4ca6a2e,C
bc254943aa31,D
3333b47740ae,C
875725010bff,C
842966a54667,A
59265f4835cd,A
d2b2dec8a44b,D
be8a185b614e,B
dc2d51f76163,C
497e3c327b0e,D
eabab1d9d00b,C
31101d533660,D
38314e21bac8,C
6e9f54a6df04,B
f1d6bdcc2dcd,D
de104674b797,B
af666945c125,A
2ce6b7887d18,D
d19f77c2f888,B
8a2a402a9e89,A
90eb3092e7db,D
acdc63141851,B
bc15a5fd802f,B
40bb61615729,B
80e71cbe40be,A
ea4280091e6b,D
7612b5070527,A
9dbff4a0c841,B
ad142c698196,A
fe485b02d9cc,C
02abec60a9bb,D
cc1a24b5cc0e,A
961e8509b2c7,D
2fd1212fb54f,A
ab1cf8693220,B
034597ad5ba6,C
999beb62fdd2,C
2402af8e89e6,C
73d6a4f059e6,A
79a8ac0bc79f,D
c849a346a1ae,B
3f8af31ef203,B
666acbd98531,B
b2495614fd8d,B
593f00cbf144,B
cddecc44f922,B
055588059b74,A
1a8ee295bb7c,B
a2ed8c961c2e,B
28ae2e16669b,C
72ffa0c1396b,A
95d2d05e7e86,B
ea06ae0c2bf0,C
e37c6e50f4fe,C
e0526bd975ef,A
bb134b233961,C
c31d324379ab,B
33b11b3aea96,D
e3881e53fed7,B
6381c3594926,A
29e7011f8368,B
ca5eb80c1bc4,D
12bcd1572ffe,C
88f763357e3a,B
03bdea15910b,A
137466d78cf0,A
c537d84bcc73,B
118477d0a394,D
ac136aa2a240,A
cca8edbe4d08,D
e1b5e5e6fc9d,A
907cd21c4bcb,B
f18fbe07adb6,B
ec301363a5ad,B
1dca79a1c955,B
71e634b437aa,A
c2bd3c803cf6,C
c0a1dec3a5d5,A
1f3418e5e4c3,A
64cebcf89da2,D
3f9e5dff63d1,B
70d715d2e09e,D
8ff6d56e605a,D
9fb528e0c56b,A
d235ea028528,C
a67ab92a4034,B
d96e6fbbd90d,C
e774fdeaea91,C
3b7a2141ed5c,D
d25fcd996e57,A
cdeddcc8c124,D
4bce12345398,C
dc26e461b329,D
d7b071c59cc5,C
80ca171ef17c,A
f94b3c005e83,A
781ffd4c1f19,B
149bc394cf5f,C
abeb03e6a7e9,C
91dfc2f65e79,A
751a1e1d95e4,A
1117d195321c,D
e1c83bd37190,D
f03c43d8a8dd,A
3e60e5bd8683,D
20c37edd5368,D
f437114c3ad0,A
a212ff3d498f,A
efc511f22a29,D
7f4785cd1711,D
ccee1bafaf23,C
67b1241e976a,A
5dda1e03d8e3,A
9b69d3c5edb6,C
7adb84829781,C
976a92b4c5b5,D
6a236843b269,D
11dafd295662,D
68967dde47c5,D
e957b4b91212,D
b8315d87f479,C
a6a8147d4f5b,D
ffd61543f58f,C
144ecbad41f2,D
8b693dba7c9d,A
56ce2ee216e5,A
b85e5c1304dd,C
2ffcce4d6229,D
ab72156f015e,C
0a87be0be74d,D
d8bb503dc41a,C
67efc668c91f,A
19cb3f93101d,B
2a38f3243302,D
74602636606e,A
018110d04386,B
426fea4d4118,D
707913ad2fdc,C
4adc0fb25a8f,D
2d86a6e8cc06,A
e26d3ca6d795,C
7aaa942d7016,D
e886b72e247a,B
9442133719c0,D
4d740d7cc774,C
d0f22e822170,C
a4b16daef6a4,A
60de1119abc6,A
2bfc34321ab6,B
1486ac0c57fb,B
d1e95f2acfb1,D
a35094ec5b9e,D
62fd39396ffc,C
b224509839bf,B
c588d505f033,D
1fc00c192a34,C
e1086343a250,A
90c934900825,A
382072d8ae44,D
d8c972ebdbd1,A
e1653c3b67dd,C
74c8c4426e68,D
08777b7c1bb6,B
ce2e8b734a4b,B
7b03517edc50,B
5923a3649e30,C
a5ce425ce3d5,D
b9ce5348a94d,C
9c88c750f441,A
61d01c19d8ab,A
904ab6131bc4,A
ca36c99b6e2f,A
f1dcd06fac67,A
c942a769008e,A
ac9237ec1914,B
22497ee25261,D
40a0e9adc483,D
29ce748209e5,C
13d05e6b1ad8,D
bb4945139083,B
f040f627e4d9,A
82154b573ba0,A
ff48eeb32e0b,A
3585222b387e,C
d2e172644093,D
9937da24e0e7,A
4e52f0bd4ab9,C
c0e2fefbfd50,D
0c82a4d4e320,A
34866c053d51,B
7cf9a72b1a2a,B
a18d9bfd4046,C
66f9c636055c,D
18fdf5685c1b,A
eefdaefc3581,D
48118789937c,D
e7cbc63480c4,D
834ee4c48538,D
259c99c0c658,B
eccc1d53aaa4,A
1f60eaa5b924,A
ab644841cdb1,A
187b16cc4db9,A
af53d28dccdd,A
b65d85a78d16,A
3ff458ebffd5,D
e1eeaa1e930d,A
49dc7949a17a,D
a9ccad4809c4,C
66fc8d1aa73f,A
ae9cd738462f,A
3a855fd55c76,D
63c2d35911f3,D
d3d5141fd096,A
ac6ffdcd0aa6,D
ed8323e79514,C
ce58ff17b34e,A
eae1b7bac456,B
ac6f0ee631e5,C
80e0f0bc3495,A
e421e71ec4af,A
6ca8798360f9,D
fbccc048a8c0,B
9b4ce1abf5b2,D
10003b9c34d7,B
da985c600798,B
aa71a5569e6a,A
43574fc76b79,D
08d83bf7ba12,B
2ce421f00621,C
0038f93fb523,C
d7576f17aa64,B
fed1c186d9e9,A
6cea2e98653d,B
167b7d832fd7,B
04463110e2db,B
c6ad57e8632a,A
4fdadf99f925,D
9d4050cbe9aa,B
87ad94245f5f,D
c7ff1b8ce37f,C
07147960c14a,B
c2ba760410fb,D
b40114b0720a,C
bfec6222231e,D
9576a5a092cb,D
ba56c3b524f8,B
41b734620b65,D
82add85830e5,C
8b1e139cbef3,B
c871f11dd6a4,D
909b80fbc846,B
4c134fac0b33,D
011d78e48235,A
a418ba15c118,B
dfbf57a5643e,D
0a6741295048,C
86e5e95a2d17,C
c0d3f9cdb9bd,B
f23f1f4beecb,D
1c8bc30b4b70,B
5195285b0783,D
565966062908,A
e328e9a8ff88,D
648fb5e19b60,C
ba69feb953f3,C
9185f5961aec,C
3cd3b1699fc8,B
06152eda0bb4,B
c4cbbe54396d,B
f33f24eba242,C
d7ab5f29d618,D
520f04ef7e33,D
9935d307b869,D
a5a620116df4,C
135c378e937a,D
6fa4e814fb40,B
7e21c546a565,B
072b25251061,D
fabca1fd08cd,C
02c8ad8319dc,D
c4b67d13dcbe,C
b4752bbdd954,C
956f39d722d9,C
8d4a56d5ba25,B
c4eafc92cfd1,A
ff431b203131,B
acba190e4588,A
6b8b9ae09b30,A
c95d08e83253,D
ceaa473f1bdf,D
5229b15328bb,C
98048a5369a6,A
24faa4a32883,A
42f6e5a47cc2,A
dc5e1c383a53,C
4008dcb87c28,A
ba02d838213b,A
f4fb2c99195e,C
6e2a123e5b64,A
2ac6f778caff,B
ac9171284a19,B
9c23f490c379,C
7189c3c090a7,B
edd1e6a58c41,B
9626f311d4b8,B
2e1154219fbd,A
496ac1ad1240,B
01b2aa76f922,B
2924eda2aae0,D
c8dede12f130,A
185f2cf12beb,C
555a074e00a9,B
4ac9bae4f734,A
fdb45784e934,C
2820e571d5f0,C
d15f91bcbfb0,D
76187dcac7cd,B
0ed06578bd01,D
c573c608a467,D
d3e023a3aec6,B
27c5301aea94,D
b83aa4a226b6,D
7cafbb743c31,A
95e026317da4,C
205830664a05,D
97d297cf4b28,A
32dd6f0ca2aa,A
e09bd099eed5,C
07e0df1b2024,A
fd6038b33e1b,A
d9f2c7d0361c,C
fd4d6e1233d1,C
d3eb7e0ab804,D
eb8f9747d86f,B
f4a9b7bc824c,D
f28e0f5ec127,D
68bc3c8d83d3,B
ff44294cb6ae,A
507afdcf6196,C
9cbaa48b2710,A
7296086d8cf5,D
18933f99d23a,D
73fbf85849a1,B
7aef6226b0c5,A
b0bdc4d42ccc,C
7b71ac48c6a7,B
a61c0fd13013,A
e1a5e50d42b4,A
6f95fcad6ca1,D
13174a9504eb,D
50f4ec52fbc8,D
eabc0bb00815,A
74c349384512,B
209193382d0b,B
10293b78ca0e,D
7049ffa0305d,C
cabb363d55a7,B
b5b6ea355613,D
0be585198977,D
b908b847cda0,B
b4ecfbd22bfa,B
757fd5d9cb09,A
3425c40e06e2,C
aae0828cba30,D
d1780de13aa2,D
0ce2fd9cd0b2,C
f9b5e1c2058d,A
132fa68edd7c,C
77d36b32bf2f,A
8a024c14c3ca,C
d3b5d97c624f,A
dbddd4692300,D
8fb3ed559122,C
1282b180854c,D
10fbcb973465,A
d2ef57e5b8ad,B
16647db548a9,B
6f05ae8d1a44,A
c15315c917e8,B
321e643f2758,D
9266b74e1fbb,B
5097be63dcef,C
0c8f43da92a6,A
ea1ed7fedf0e,A
bc5b4bd07c31,B
d060dd28eb1e,C
90deefe0caed,D
7f293dc9ab94,A
471c1f066098,A
a942be4e6cf0,A
49b8bcbbf259,B
92fbb457de79,C
02168ee47b93,A
76a35606f2e7,B
1ed8a327adc9,A
ddc22ad4bfa9,C
0c18ecf242f4,D
b4e092684ab8,D
a926f1d526ad,C
792759e368e9,B
74e56067a025,D
6bdb6d84423a,A
e7c1c1c5809f,C
089d9ef26003,C
994a7bae02cf,C
3acd91845489,C
3a3a1ffd23ec,A
521651a041c3,A
267acfdc25b0,A
91b8300a47e9,C
836177a77eab,B
0a3898da2040,C
db89940e4225,C
4620445d251f,A
7b5bf7f862ed,B
5568bbe3a4d1,A
559e24db723c,C
a78a7f73748e,D
ac441815924d,A
8fafd468d19e,C
879bb6dad856,C
e993241f5b6f,D
84600ac7b2a1,D
8dacef48ae40,C
96267cdf750b,A
f0c016044b05,A
d0c7c279cc96,A
3adc237413fa,A
999342945f8e,D
0a38cb79c985,D
3bce57d454b1,B
563e8e87f8e7,C
d7afa19e7a9a,D
7dbc5cc39579,D
3668d45f25a2,C
03fa911862b1,A
97414ca3d221,C
077bc7cd5de9,B
120ce5cfa461,D
ee2e35a3d120,B
750d3f4eb9fb,B
572a8a9d9afe,A
55c8ce25c639,D
172e941f43ef,B
ae03679a14e5,D
0b95f97a1c6a,B
2c1da4a86c7b,B
0b519e62f02c,B
ea39f1753f5d,A
ba8343d1c82a,B
699e5cddf489,B
7a16650b13b1,A
99c810916007,A
c3981d57e62c,C
019b6170c441,A
4e728eacc044,B
92096b9c208e,C
2d27f24905f3,D
1412785f1863,D
c16600fad779,C
47c584215918,A
22f5b1eb92d3,D
0672016d77ee,D
19dc14c53201,B
173523408c8d,B
192cbbd29258,A
8b9d4e38aa40,B
b4ceaa24ba6c,D
6daeb8ee4b57,C
6ab0f2fa8f5b,B
f061593e9f71,C
7dac5e2963ca,D
65d61bacf505,B
60967df3fcb6,D
6a6dbf58ed4f,C
ccdd503214ec,B
3c4250a7e98e,B
889802abe383,B
400587cc67d2,B
1dc91e6a4730,C
c6023635382e,B
6e424600becd,D
50aca23a087f,D
d4c98dd53439,A
121f093e3390,B
bafa04e62362,B
ff8f7724a966,D
071a1ca32ec3,C
6c3caf9345a6,C
81aa4318a753,B
9c5e39e73627,D
4770a592cde9,A
b9b48738ac6c,A
f5f2a93294d7,B
30d2b26e5012,C
4d41e8478b5d,B
57901fcedb14,D
556c6cae8d7b,C
c31990015f4c,C
7a77079d63a5,C
4a0206369139,A
5d113db77314,C
47537d14443a,A
eed97f3e1c6d,D
f28d0bd110a7,D
e976b26f4496,B
986b001718db,D
67e711444030,B
71472367ce8d,C
a56ec2454e9c,D
b8f47d2f1355,C
08824afa4264,B
5fbbe7672425,C
21494cc8d498,B
ac42ade4b709,B
e9e0c78d61f1,C
9d0966a62a5d,C
f7e30f6ab236,B
aff3ad044312,D
c50bdbef5643,A
e293c5a2a2f9,A
1f0a5d953846,D
80ecd5fdad1a,C
1e40c9dcb12e,D
3108a14fd6b3,D
9201e27ab200,A
e6457f1a96d7,C
010c1f24daa0,B
c86a89c61742,D
8bc7a56c1064,D
3f2e52b9c9ee,C
8407cbe20f90,A
336010097e6e,D
84dc8d715ded,C
eb9d6a30f5d1,D
b95a2e7726eb,A
89907aa5519a,A
50e153d8b5fd,D
ab11a3d80961,B
1294e6ef589b,B
b059e6f976f7,C
74e56e53ed36,C
2ae2b56a6c7f,A
cd1f1705a3dd,D
33f62c2442de,A
ba3c32f57778,D
84c61a46dcc5,C
cd0529aeec67,A
4dc8ac87c0bc,C
bf370f13b12f,D
a08c0aca795b,C
1900ccab8094,B
075576b498bb,B
506f9451fcdb,D
38e1af2e55f1,D
f687d66433ca,B
70038333e51b,D
f79f5a71944b,D
9b7e7aebc5b1,A
be51c70a3d36,D
15895f232b1a,C
19fcd97b82ae,D
baa80fe4433a,B
fe7735d53ad7,C
fe8180a25560,D
f4fd17ff7661,D
7ab23bbc538d,C
fbfadc8da140,C
9919e1924ea0,A
7720ce81d11a,A
c7f5d2e96ea7,A
87410a0d23cb,A
d8ec1268a40b,B
fd49b53cbfec,D
7f3169a66d1d,B
10d7acd7f564,B
2394b3d4f37a,C
4deb5aa3f3c1,D
2898f74d326d,C
e36727ee12d2,D
c7a49ed2a395,B
5134cde8debd,D
8473bf4f96d5,C
77a3c851a01f,B
59bc2b211d43,B
b149273b1000,A
bae3cac7030c,B
e2e0713d13d4,B
37bba5001a6e,A
cbb65b06602f,A
1b132fe97359,C
9f64d21e8e18,B
50f3044b3725,B
ae946e4955d4,B
a1bfd777ab80,D
af8816912414,A
5807f95cf9be,C
f96e3d554bf6,D
73d3fde855f7,C
4690086bddad,A
22fca10eae8b,B
279b695ce033,A
5f57d5a63912,A
34e3983bcb4d,C
6b2688b342b8,C
e6cd31823865,A
cb75df6637ad,A
5152e77bbaf6,B
a2de4e7d132e,B
83c5058c9ba4,A
c3e1c22c21e1,B
6e80afba5a53,B
617e2df529a9,B
30d6bc4caf7d,B
fdfcf99bdb9b,C
475ec252daa1,B
1efc8e258a71,C
4236fc84c3af,C
085a46bf8b84,A
4774b48a2e51,C
15e069226889,D
b782460b5258,D
e55daa312237,C
f2722c41fd70,B
26ec2ea030e2,C
ca194ec3feff,D
3ccef2f9f845,A
62f945ee74cd,A
ff24cf7a65db,C
9591f87ffacc,D
9c785d8ef31b,D
27cc2c2d1d89,D
a198db6741e2,B
a64f82cf5c6d,D
d0ee30254dfd,D
e5668276efec,C
d22fff985101,C
360b0af5c8a8,B
f32c87ef8cd4,B
8ca70c79dcd0,C
fd56816a8433,A
1c0cd2d4b65a,A
bdb04ea1db3c,D
b925e8c77f85,B
a900e6d83837,A
1f642bcc3443,D
6c0cb47afec2,B
0cbb6f005655,D
18eea6ac3ed2,B
b8bb99d704dc,B
00d04df0c3bb,D
618854cdcf9d,A
a87ea3fafb3b,B
d09ae1a29d5f,B
307bfe49b2de,C
e052df6a17ad,A
9c1d7f676f1f,C
9bdb704b265e,A
8a86e75425ad,B
aa4538c0a32c,C
d0e87cff055f,C
91ab45dc2da7,D
736520a0d62f,C
b2b90f399a46,D
692b4f887b3f,B
adcdca85fd9a,B
0e31ebd02e2e,D
034377f32b88,B
59c35a65fc35,D
7b2da0f51d34,B
9f017d49fb13,A
5b89db5f3938,C
0e1e032bbf1c,A
e2a0a23fdd52,D
0fa84397f8a2,A
5970ed79db3d,D
573a51043de3,A
afc2c852e418,C
4f73609b65e0,B
db3fb90c7e48,C
2635125ce05d,C
08477929dce8,A
4161dbc130e8,A
3e90ba7e0c37,C
80bd1f718314,A
36cae6f60b7e,B
49c7563a7bfd,B
9f07f36e6f32,D
a16d63d26809,A
a220e007202d,A
58daad083442,C
4561ab088f82,B
a7df53891fdf,B
4d0c5d3b8772,D
5f1f32ca1906,D
d29212053088,D
60498bf465d8,D
388c7acfaf06,D
a9d09a512ee9,D
86a69b2d8df4,D
0794ef824d92,C
77f29ef82c6a,A
25d9d68cffba,C
2e5c066c7b3b,D
d038c7e1bec3,C
79e7d4c06d71,C
d6c20a4a2bc1,C
8a7bb41697cf,A
afe639062f7c,A
9413239cf6a8,A
cf54abbd4904,D
cff7ca6608a5,B
01c68b686583,C
2e2fbba9dbce,C
b86689728f5c,A
4a39630143cd,A
2f85e759952d,D
6befd4afa40f,C
36c38ea14ddb,A
f57b0d7dec68,A
6a0bb6d65796,A
4bab251ff6a4,C
2822c55c80b7,B
993ff0fd6e50,D
a23f9ffe4b13,D
006a40420e5d,B
a38957826863,A
35c85762c0e3,D
f5e813e170fc,A
e54b4f2bcfd5,D
56d6be564474,C
08392c0b8b29,C
a3e725379233,C
473ab3f50a64,D
0eba5efb67a0,D
03e15735257d,C
3404712d2348,A
f9da888a6227,C
120eebc060ec,D
ebb94d25b459,C
7d1fe2445b5e,B
58e3de768c9e,A
e6ea9c2bf1c3,D
330b5d7c5a70,B
18ac856be476,D
bd97d02d3a47,D
18b69c724e9a,B
b4023d8b4ab4,B
7de2eb4f213b,D
b3eb962e597d,C
10f763171e48,B
def508143105,B
487ef81659af,D
3e60247a91c5,B
4a62e8c2c1ff,A
03e0ae791912,D
423bd688b8d1,A
90373060c939,D
b99701ecf61e,B
2e5e592d81fe,D
b3f9122f8146,A
b80360cc3113,A
7cdd9ac2c8a4,A
445a4161c349,D
7c97bbf1acf9,A
57ff4bcfe7b7,D
b3ef22661d87,C
812d42b5b0b0,B
49e04eea0db2,B
81fe65d240d8,A
fc548338e0ba,A
06cb1ae8035e,D
050afc0aee60,D
1ec5186486f7,D
14c7a9a6ef3b,B
8d6288e9b876,C
647824220610,A
e4f790c27fd9,A
45f7ebd799b3,B
1f6dce6732f4,A
6358f05c5d2b,A
91e01948dd1e,B
4b9886fbef3f,D
060e21d18673,A
5b99ce4378a2,D
afdb22259953,C
d407cd102839,C
d12224b81bdd,C
e6fa0e671a09,A
597da18e5a0d,C
e40e731ab390,A
8411db16526b,B
ca0235cde498,D
614a10a72e3a,D
a2902048516e,B
06626b87c127,A
36f6f0de7767,C
22792029f7bc,B
a7fefb71602c,D
c130743d72e6,C
8a3bd069f833,D
6d73f6318ff4,D
62c7d158f57f,B
e8a720177e07,C
c8d03d16e0e5,A
cea7d0fa708d,D
923ed4f43dd5,D
904d54cfc4ee,C
5fdc16b3f82f,A
4f7063da1c53,A
c3127f9727da,C
b456ca779bea,B
c7323ad5c180,A
977feac14af7,B
a1e0037650db,B
3e964e077ced,B
691c407f49e0,B
532fa89f8b8d,D
5cf5e64529f5,D
3f5f88ff844b,D
6f34df45c692,B
f2e4a8580651,B
bd72ee9c726d,C
0d03810c895c,C
19dba14ee977,D
0cd681c8a09b,B
91480d187591,B
9fbf448a58d8,C
54286e075125,B
3ab05a393d88,B
bfeee9a76402,D
3927c6d2977e,A
95f564923385,D
314a3e612df2,D
3bc63ea787a8,B
e2a1d1996fbf,B
6845294e8a92,B
7abd6a591054,C
5623ba87e54e,D
47e71329872a,B
d1ddc2a2e936,B
c0ba5b39e52c,B
e5e95d248db6,A
68e1be93f741,D
430dcb59ab24,B
1a33fb3276b7,C
2c3bbc8b0092,A
85ea6702c4cc,D
684b6fb2af61,B
4e7c66d8ac35,C
4c516e3f9862,A
7ed39fafdf6a,C
33580f1781f4,A
3b9ef612bbf6,B
a1fa3a2960b3,B
2375e36df953,B
138ef8ae1025,C
7f5f3b2dfab8,B
8e693512caae,B
c9ac7127dbc1,A
2d3f51312e21,B
9f27711bb9b8,C
5f2571821882,D
49fce29a9973,C
bbe6058c939f,D
5cf1e30ba4a2,C
a24c1437eeab,D
e74af848b85a,B
862fd21c7ec0,C
5c4f0b9047a0,A
172a5332f5d0,C
65dd830c28f9,A
f754252ec50b,B
45a1e22d4d61,D
7c4a2dd23d09,B
e8089e83c7ac,C
7528e4b39ff6,A
16fd5e55cf53,D
f6b13a02ee09,A
585ed399b90c,A
e2d1cd88bdbb,D
851e3c44fc8f,A
6ffdc751bf4a,D
34687c3da0b6,A
25713b3752bd,A
8eb944ec194a,C
9cebc36973b2,C
77d754da4466,B
560624fd3c57,A
4a68996de833,D
de45f5714f18,A
c7b438eaca93,A
5532a84b76f4,D
ebd155e2d652,D
3159086d2377,C
c0f7082ffdeb,B
51b986dbd81f,C
a29e4bc31848,D
d7e9b7d84971,A
5f5f0bfdef8f,A
e901af0f5de6,B
bb93f781b0e6,C
1851851dc6b5,D
5ecdf1c3feea,D
cb7eab9714dd,A
1665b0ec3ea8,C
8a8541a57c7d,C
c61d4fc89799,C
fc292f5a4654,D
cf9e649f05d5,C
f8b0b894e914,D
21ee06014265,D
e65ba00fe6af,C
8b6124f845ea,B
6c57449389bb,D
404211d303de,B
cf1d921a89c3,D
68cf36180dee,C
b03d7239a23f,C
f7b9f0a2c1df,B
fb19d8a442c9,C
cd0d17126e6c,D
46856b980e75,A
9ff4cecb9533,B
a7f9816c2d0f,A
f0ef0217a31a,A
8e4005063685,C
1959fda3b886,A
76b29d258676,D
ae2914726565,C
4d5cec800e51,D
cc03db23a3c3,B
9cb7d0010ebe,A
15822929f89b,B
13732c58aba0,A
b73ef5ed4440,A
236ffa7e6578,B
f5cb5656266b,B
357472e0dd1c,A
d3bc05a92fbb,A
71eb94ad92c2,D
28ad744f05eb,D
eb539711c255,A
8ea68f27ecff,A
c86fff828a9f,A
1dc554a6aace,B
b21ea8295704,A
5f1d65eb92f6,C
134be1353d1e,B
d932a6211e8b,B
b38eab378dd6,C
2309cebc9050,D
6a3d3a8573ea,C
eed69faf0a6c,C
182a7db233cb,D
9a0954f4416e,A
da5f38d2d0be,A
83f91b925b61,B
bfadaecf8c76,D
98df196a418e,A
71fa98adcd33,D
c966353ef9a8,B
5fdceb047e7d,C
339bd9a41599,C
6ed893bfbc3d,D
bf427d0f65fc,A
52e64f41dfc7,A
4e85809fa692,D
73f3aa305e80,D
245fdd4cd15b,B
e2bc0792eaf0,A
af99d61feef1,B
bba85563de54,D
fa40a389bb7b,D
376ee9a20447,A
d0ac8d11fb78,A
69d74c477928,D
a5d36df2bc00,A
cc7e744b6612,D
5f77f5f16aa8,C
861cb14459ee,D
f63ec3d7797d,A
019656d14d13,B
4f1e01956267,C
020f2cc66775,D
684bef719fe6,C
fce3387cd85b,C
c861d6140175,B
0bb93d02c129,D
13c1ea231d20,C
285fe5c73b47,C
f25ce2f4ecd6,B
5228d611fb89,C
cade667d9e47,B
10dec323158f,B
9da183dbdc0d,D
d387ef409256,D
f32485830496,A
bf2d0184f548,B
44c10a7ee100,D
e64fe0f59826,D
7d19d04c5d01,A
ce7617f3f4a3,B
03689e8bc3de,A
34fb082bb652,D
57ba647147a4,B
080c776bf78c,D
2f29679a755f,D
064ccee88c4f,B
f522521de923,C
6321f2877ff0,D
ee4a86cbb4ba,D
30b4cc9526ba,D
b339f9792050,B
2aa340cf7317,B
9b09d6862342,C
5bffca97cbf5,B
c6a37387e787,B
fc53557f7267,C
52ea16b36749,D
626eb58dc98d,D
4a2159f9f146,D
ad8ef457cfcd,B
437f9eb60dbe,D
9886d2689c6e,A
e38a10dfa2bb,A
bc72e15d7192,B
9b243575320b,D
96072b3940ce,A
1157d8e030f1,D
66ae779d48e0,B
2f5a57e1db3c,A
981bc5bc6fdf,A
996eb14282e7,A
83fedcc48b2d,C
3bfbaedf66a1,C
4ec0914c4499,C
c58bbda10c17,B
bc508331c02f,D
2f7309a17d34,D
d94b7eed9e45,B
78b5b9e5b81a,B
e5c3377fa1c3,B
778160393af6,C
627df43054b1,A
fcb28e1be412,B
493d2dbd0705,D
10000a9bdebc,A
714b0ec2523d,B
d9aa8e62d30a,D
922e88520687,B
c4a24edec8c4,C
ae8551add747,B
f31ffbcd49d1,A
dfa517fd83d3,A
f513100d43ac,C
69a1d9ba6f21,D
9a3477d28a51,B
f2009eda0e2d,A
d8760e5e444b,A
73d495d2c88c,C
3ef5d3f7d5a9,B
e4ae55cd8eaa,B
19d3c31a4e84,C
28a37128775a,B
754a9b955fb6,B
bd8298619aa7,C
90132af2fb70,D
24def5caf010,D
9b6442ea8345,B
e89a956cc387,A
35a0329be0b9,C
538ce900b70a,A
fc2ee41afccc,A
191ad2bcc84d,A
18279bf573e0,A
7546309b655e,C
d4fb729a8535,B
dde0e693772c,D
9aa9bcea87e1,A
f28449ee52ee,D
5546d4b2d9e9,A
f8aa49ce0c78,A
c331f98380dc,A
681df2fe86b7,B
d644cbac49fa,B
ae0a420e5fea,C
5de15b5927c3,A
9e2bf010c92e,A
f0140ae7b264,B
decc337cd56c,B
420bba31a114,D
b0ebd31c29e5,A
02fcf8083052,D
42a32fc44e92,A
218e91039ded,A
28758c68bed4,D
2feecef257bd,D
f1426276c7f2,D
b1532d49de20,D
b24511ff057e,A
428fe68d7574,A
04aea3088c8f,C
7d909fc03cd7,A
82dfa66471ec,B
7663e29a00d7,B
5b3608772b52,A
bb12e66d7feb,A
c62ac5b16f87,B
18f21d00b5df,D
c4cc9118868e,C
fc365a20e99c,A
9d351a9e483a,A
478c4965e2b9,A
8d7213e5c57a,D
184274987a69,D
b9356feccba2,B
c8a6dff17c31,A
744cb2428fff,D
4e5fdb4f664f,C
ef81216fb2d4,A
733f5e0860c9,D
59e15e6fad7a,B
d12a54fbc671,D
210dbd574ce0,A
71accd2f8751,C
98863acc252b,D
d4872ff2b9ca,C
ea6110fb69ac,B
7f9c3c78c151,C
fb7b2f131f20,A
c14730b7e11d,A
9c7eb2ba204b,A
c8d5aace252c,A
a610eb9b8607,C
2c70d0eaad69,C
91ff0e5cba29,A
7823fdc294ef,C
e1d2048614cc,C
f6579880ad1d,D
ad82b9b98e43,B
a1d74fc9d06f,D
d7af159dd206,D
c70c91ced9f4,A
c885931e4b59,C
5fb0d298757e,A
2bcd43ad0b8f,A
96d9b54a2374,A
cfaee6e88bca,B
50c64564b07b,C
4fce7285b3f2,D
a8cdafa61a6f,A
bc7625e8c7ec,B
32826398a7e8,C
2cd9c8d09122,A
96e4a577fdc9,B
ac7e40640d7c,C
6b7cc4c2ed17,B
d4729c9775d7,C
67b9455be97d,A
c422249782eb,D
24a300f5eda0,D
85969773d8f8,D
eeae3742dd95,C
0d22634b4736,D
6bdf2d2aaba9,C
d334ff1a4381,B
6181deed39a4,A
f462ae240998,C
06d33db9924f,D
3ad8151159a8,A
7c2fdca62274,D
eb81ef18d4ce,C
f25eff7187fe,B
0d9f4bd98927,B
b690ea332d8a,D
118a2eef63f0,B
e880d0eb7f4b,B
802b5931f006,B
36b8c1d05c6f,D
8a02051d4afe,C
2470f58fee6c,A
5ebad4a1f7af,A
e57487682661,D
7cc8beda4c3b,A
7e1adcbe6782,D
e40f9ec088a9,C
e4ca902a5ef2,D
4ba873b8f092,C
78efe819d7c7,A
f0a4cc517e56,A
23421647abbc,B
ef4ed8c9fdfa,A
360b1ff19b24,C
eefcf9cd8820,C
79bbc02f4b00,B
4b6bbdb8a4da,B
b972bb3bde43,A
aae63dab820d,B
ba966f3a1b67,D
f03c060afa51,C
c50f842cb126,A
b24bd2ac3004,B
ad260455c617,C
7c6d8c20fff6,D
ade1a027c2d6,C
6e45de5e1e12,D
68e773a38630,D
c7f7dacad19e,C
e56aff4a435b,B
4eb286b3e9fb,B
17510fe0eecf,A
c55ad95a4780,B
06b4fff430f2,D
bda6fdf2f57f,C
7e6fc9f30bac,B
92ed9a998d9e,B
92eee0d0b9f6,C
1e13c73da24f,B
20a7a42db2ef,A
765a405e0f82,C
1a84cf5f6f0b,B
861a6437b209,D
46921b54d0e9,D
2426ae9ebe46,C
f5f0455bd211,C
e7e76e368476,B
e21711ed8800,B
4b291b68f7a1,B
3f6d25c3afe5,C
32d2fdb25292,D
6659c36bbf59,C
9f5950c60ff9,D
be8d65629349,D
d825da6a3dcc,B
1b39544ab738,D
ae514f2e9375,B
740d8591778e,B
69f28e6877ed,B
3e3f8e4e5ba5,A
3db68fc3c2b3,D
22c47e21ae6f,C
7e77da0c41ea,A
31b2b8fb5879,D
1025f98b51b4,A
de80b5c4458a,B
7a0dc3b12f32,A
baa35e97ac88,C
0202469a7b7d,C
01033d1470ee,B
e843cc3c346e,B
b9d6b1379a18,D
2f1542586f97,B
94b617424a72,B
228a500de820,D
712a95850d81,B
cb3b237c7ca9,A
7c40033ccd44,B
d23ec1cace62,C
1d45969dcbd8,D
d72ebacc6df9,C
9431ca2dd92c,D
b4d04ed8dc05,D
fe2200c38703,A
5423bc20c36e,B
04e4ad748e17,A
c8e7bb348ece,A
3c831ed8a3cb,C
41824faa9b37,A
f5b10f9bcc82,D
691786a102a8,C
6ad600f786f7,A
bb8a753d55a0,A
915fd2571f37,C
9f1a75db86dc,D
b961b55bcb68,A
fc1c42f55467,B
2f0aa1811872,D
9142213a8c45,C
5fa4043d1a0d,A
f973c529158a,C
389b93363750,B
02bdf3f0b616,B
153d8e182fd5,C
1695b7e15968,B
5496049bfdc9,B
5f737ddd538b,A
5507222acf4d,C
dc1bfa8675ea,C
b86494b12a2d,C
ce037a41af0c,B
2dcbd689064a,A
a09227d5b258,B
80d2e0a2bfac,C
105057d6d405,C
8d8fde4c79ff,B
3baf028996a3,D
7e4570e13e03,D
f8bb948a025a,B
5060fa65c00d,B
6daac3ada5e8,D
0c718a517f8e,D
fbd25f6446ab,B
100ee022f319,A
cb02c1daef8b,D
4dcd6e3a327f,D
a3a7ea145a9b,B
a0a330f01a96,D
3a9d2a951c7a,A
aa945956e85e,D
c475207bba10,A
c04c1886d385,D
52a75709cd77,A
e8a84d1ea149,D
99b24fe2f7ac,B
3f29d99f79ac,C
318ab401adb8,B
90e676c248d4,D
0b259d081ab8,C
55248a07ad4f,D
68d930027f79,D
dd73d9a796d6,A
b76763a8bf1b,A
de220a5389a2,C
c30c7ce77b35,D
bd28b420d4e9,C
376cfa061a0e,D
4d29d2f9db98,D
27c75ce656de,A
32d2ce83363c,A
2a2985165a53,A
0b3a33a10cda,C
61500daf0ac8,D
dd2fd63eccea,B
6901e18bbd56,B
a003cfbc67d3,C
f9cc2fc4513d,A
3535ad7a9c98,C
5b8e54657c52,B
a1b68256d0c6,A
2a598fc73fc7,A
bbc6dea37de3,A
13282e008f47,B
cf7b9b9ae5e9,A
5a83efb6dead,C
6ebdf3bcd2e0,A
392720b86208,B
b3554758fac3,B
816a74456de5,D
f932cb14297e,B
a169b6ad4811,C
323b1b0d8e50,A
1897f1ac1699,B
b08e2de6c365,B
82fc096a69a7,C
2c6baf1e677f,B
cc7b876ed716,B
974b7be68d72,D
9ca797024b2b,D
98f75b6433c5,A
0cb475896b44,D
5be6a4587f93,B
ad69184a54ad,D
00d0a9752dda,A
fd31090a78a4,B
efab690fc7ec,C
ce6b74c3565b,A
65a116acd748,A
e02e45694e7c,B
344aec97119e,C
b8804b087f3c,D
71386ac1bc62,D
360df261584f,A
2376a4aa8ec1,D
748d35b25ed9,D
e5b729816d6b,D
7dc2fa844b44,B
469d58b84499,C
a9cd2e57ae90,C
15441a370b88,A
9e011d0aa87e,B
823c42798dca,B
05df508b39c6,C
714d64e17c08,B
79d9fc3af23a,B
bd0313f6938f,C
45c3a1e3da63,B
a75223a49648,B
797042da6fd1,B
1841e859a6c8,C
7320bcb5365b,C
7a1e30b971f5,B
effd7b7d5565,D
b564fdd410cd,C
c878d77a2141,D
c08f31c242ac,A
755704d97692,C
8ab509d8f25c,C
11c0c679adaa,A
f521b0574592,D
3cf94fe5e665,C
ecde236b2176,B
fbacdaf7d11e,D
534eb9d4903a,B
a5aabe74a568,C
ef3d444d39b3,B
cd4d70d699d7,C
ae880187bf14,C
ffe82cb6fb1b,A
f5106dee76f3,C
68c84481c4ac,D
058c2088882e,A
474df2d06ff6,D
13c9e0384a04,B
efb830c9f854,D
d8faa603a98b,A
cfcd41641a39,D
56b93f8fa004,D
53b4dbf32b6c,A
210692f24a7e,C
36d068c73a72,C
ed69db5ab003,B
92a91e37c060,D
a5999e166965,A
8582da8c125b,A
d287de7deb70,B
a0f66b27f499,B
9a891d5d816f,C
6372debe0579,A
778b0a7b7990,D
955f20471c35,D
a7382f74ae65,A
2b37f8bb6005,D
c260c196f7db,B
26a258ae0616,B
47a7191d7703,A
912879e40ebb,B
feec63936aa9,B
21de93e75f4d,B
e75a7bbb27fd,D
7465de00f45c,C
9d2f871e0914,B
2c75d3a25835,B
8c1885ae66a0,C
7529597e6eac,C
83c3eab9722f,C
4f15f6a93723,D
4220ad584632,A
598397bd31cb,D
34db089404c7,D
6e30d8f0851d,B
fa75918221d5,B
a358fbe3008e,A
a3f4b71645d7,B
7e890ab495c6,D
2e1eb27b112f,C
80be7ddc5f29,C
4a7902e09823,C
ba292d022005,C
732dc9fd4d7d,C
950d3dab005a,D
88f43a951e84,A
39df34d3751f,B
a7a2d7a00610,C
e91854e1b40b,B
e9ef91bffff5,B
2c6031f06253,A
a728fdf1cb47,A
43b1b3501523,D
c15ef08c4911,D
9acf9ac43f2d,A
586855061e8d,D
adea3b05431b,D
a2658db3d656,D
72e360a6f1e6,B
87b338bb6547,A
086981e97d9b,A
cbcf278651c7,A
87e5c0a4bfd2,C
dd4209c60614,D
be7cc86cfcec,C
2f9f684d1d96,A
fb5123a06f46,D
3c572b72bf61,B
5bafae54a56c,B
b497068f87ac,B
4a279f9b7b71,B
6630a22105f1,A
66f79eae8daa,B
e2f232aee416,D
41dd03d95083,D
8cce54f92f3e,C
172840ab4552,D
d997236d3d22,C
25b4d44d02a1,B
0e5280ac70e9,C
97b6f64d70ed,C
1a23beb5ce92,D
a17b89f9b34f,D
5d6b7178a9f6,D
b30d772a6eeb,D
dc80e6ea7cb6,B
34c3eb39a675,D
1bb9ad4fa18b,D
c08415685ad5,C
ff36b46330a5,C
5142d120498d,D
f565c6f18132,C
d871771c7a28,B
4df1d7967d3c,B
3190128b873c,A
c3a914a17bf4,D
f1fe198b996d,A
7b2cc9472315,B
2c769d80058a,A
c917c20ac709,D
553ee845edfd,A
6715e3d7318a,C
a9cda58ec9cd,C
dd94f5cda392,D
d40c9d529263,B
b77f6bbef068,A
e2536dfdcc6f,B
47e16e92516a,C
644599bedc2e,A
8cc12a689819,B
328b689d49cb,B
4e8d18eb5bdf,A
889d7e052173,C
8db2bea7aa8b,B
39a9549eb7c8,C
452387f5111d,A
56fa7f7f9b82,C
bf559446a7d8,D
d1517f3e14b1,A
33fe27d14116,B
8a5510650c8b,A
08113b49bb4f,A
07d1b9658a81,C
490aca1f9c48,B
b347a31afd1e,B
56608a85182c,B
13b406d4699d,C
4d01f696a37a,B
4a3d0c58b242,C
24518630a66d,D
0d7ff3a86fe2,C
4143b276fd92,A
7132e659b8c6,B
6a5d45e9a7b7,A
6f724d4432ea,B
cd7d3b77c2e4,A
1178d322eb2c,A
2a26e9206e1a,C
535093125ca5,C
cf3971d4bcbf,B
9a7a9a4ab03b,D
54a3f9b91c80,C
9ef7dfe8beec,B
f3468231237f,D
25ddcb12a3a3,B
e8f5887f5ebc,D
75674dcde289,D
684ae921ce42,B
7184e8ae84e1,A
5e310a110fcc,C
78d8e60fb0d9,A
e5be5dec310a,A
d9a21d650357,A
fd348a7f4691,B
25aa53f6b2a3,D
d8945973d39e,D
b72a15f94f8b,B
c7db4d508188,B
34f3fe03e80c,A
f56d09d95553,A
68df5e64669b,B
c88114c5b566,C
d3b653cf3b76,B
386c29d439b3,C
a296cdc82287,B
1030fb365264,A
0ed55c26b189,D
5bd638a54503,A
1203854d6fa5,C
a5f186990ff7,D
17e7acc7cef1,B
60be60fc8469,A
4fc9e1c83af5,B
c8a0c33adc27,A
3bc4722600c4,C
bcf755221703,A
08c5937faa7e,A
c9405b0b2035,B
48fad8757e08,A
b5cb569254df,C
7339c330778a,D
037b108dcd32,D
f80937a3e7e3,B
0f849a85f0c8,B
4e67e7447670,C
b58b390051b0,A
568ca614b862,C
f09389f7545c,C
abef0d3e6c8e,C
253d5ef39608,C
ed42f8a52bbc,A
921adbd1d68a,A
40669b8017e8,A
2a7477ad32a3,B
c6c0494a54d5,C
139335d906cf,D
877b39c5d3c6,D
e08acaf39257,D
620890206bc5,D
bb9a1c8c3576,D
0da44b56f46b,B
271a1c25e09c,C
6b4915ef9997,B
42f9a5e7184c,A
9f1524c816fc,D
6de436b0d3ec,C
e9f32c7adac5,A
4ad806ecc895,C
6abbf06007e2,A
979fe1e7dd1a,A
f8309620e154,A
f669b7859930,D
514cca688f03,B
458fd639e136,C
384b6d9fa490,D
885faa21b570,B
903cb6311c2a,D
c95bdc651a7a,D
ccdbf64de1f0,A
6fc8ccdc5c63,B
445d9e825087,B
2778dbb0ad2f,A
fb79b32b9cf9,C
f31d3f7e3daa,C
0baa73358889,C
f30b80b020a3,A
8ffe1884fabb,B
664a9e1f870b,A
25ff8dcb1792,B
013c852d7b69,B
c5283f3320ea,A
72cf6f9a2696,B
b25bdd5ca685,B
55f553a57a5a,D
418f7d88874e,A
8f7b993eed31,B
e2cb51457603,B
a9f6913ce9d0,A
7af3b13cc5dc,C
2f2891c09f2a,C
8ec1d5d61238,B
e2609a7eb154,C
773e2c7c48a9,A
17364c6017fa,A
9ef61bb293b2,D
e63572d51273,A
3c95e1e5b559,C
6c2c74f3f5cb,B
1263d2ad311a,A
49cd96590cc3,C
6ab60fe9856f,D
3953e8e1be03,B
acabb37a0121,A
2bb452b2cc32,A
0c5f1a936871,A
2fb6328be639,B
f0b2bf38d0a6,A
669576f50171,D
6a75e160944b,C
0ccece63212a,D
3d06ef1878f3,D
9d123f45c7dd,B
3e48f70939f1,D
76f05de6884c,A
a1f3586bb991,C
1e61552a0060,D
c4b216091846,C
87d755cd5f4e,A
cc8afa8c7d2e,C
6347473a12f8,B
d2fc99f55353,B
bcf1cdfd96de,B
158783307d9a,B
6848f035c49d,C
2fa1f86d1cd1,A
e0bef45d96a2,D
7025cc90eb09,A
71ec3cb966cb,D
3926fe5459de,D
9926042b077a,A
08fea1e8629c,D
de0d888bd5b3,A
96072d4c2911,B
4892dc45a8a7,B
6fe6ac51da45,D
43ab32becf6f,A
9113b64710f3,B
74911d2dab33,D
595b7dd99be2,A
bbf8526eac1a,A
018262dbf2bf,C
32db45ddf48f,C
f6ab8cbeb1d5,B
e49e1961208e,A
9df57f6c4e74,C
901e2ef73e9e,A
db9bc3da624b,A
90253a4f16ff,D
1dae26e821f2,C
24ba8483bb6c,B
1a221ec7d9fb,B
a9c71fb44c3a,D
a8a506158ef8,D
91bbfb4b9acb,B
ba606b0ef124,D
43475a4bb1d8,D
2d3c54cc9f36,B
19ae03e7a9fe,A
e98b968381bb,C
320dd467ef99,C
6a874152b272,A
facb9fd65b3d,C
2952a13e7af6,B
126447b841a9,A
99eb63f3844b,B
133c5446e4d3,B
a2217595fdfb,C
dbb34ad60b9e,B
2ea5038fb758,A
d92ad763957d,C
9992d0ae5986,A
30d6e31664fb,A
ebc57ae21f4c,C
d091295fa286,D
084594a847b2,A
0694488f422b,A
98a704183c1b,B
6c77a8f2833e,B
c88bf37c0d71,C
8f0895f65075,A
2361fdf5891e,C
27f07251d73e,C
0083e9bb088c,A
e2d713a2de65,D
fe5d656770e1,C
e534a9990f46,D
6ca28396250a,C
4fc2b797af04,C
67c4ef38b51c,A
f356000ae5fc,B
0b738c9b2e11,B
06f9558bd947,D
51990041ef81,C
71b2f9dd4e17,C
22a2b9f1dd40,C
13d035c0ae29,B
059cf5fd2970,A
46cfa9829807,D
5b433aa8345f,C
a06f18758956,C
377e2687ced0,B
fed22bc95b0e,C
2e19c17902bc,B
1c27a24e8805,C
84c89516186f,B
171fa78eca0d,C
1cee7b0cdfa9,C
abaa3778b4b0,A
ba56eb9267bd,C
8a2fbdcd0da7,B
56803ac47547,B
a7193b7786fd,D
c4cd863836bd,A
97d0594dabd7,C
c98e4fdb2dea,C
ad855ee8e166,D
121ace9d9a69,B
b63e0c2ab0b8,C
7a27823348bc,C
d15f0751e976,D
90ca4575078b,B
e335000111fd,B
ab6a8ad7409b,A
2981ec18d0d5,A
d56a17024d57,C
fdd399bc1f5d,D
c91830e5940b,A
96746713bc38,D
09ace23b259e,C
ad0aa06c7284,B
596ae2d67335,B
00e680e1a2fe,A
fb5c1049eda6,A
ebe708bf4a07,B
d8bf3e5a142c,D
ab1982a1e79c,D
19a31dba9e27,B
ef7d433c7f52,C
22413ce68793,D
c526d0b91c33,B
f39ad3f422c2,A
7c66753c0627,C
553bc495c794,C
e38118dd1dab,D
4951c126e745,D
c6eb6d6b996f,D
cff9704016c9,B
4d56d846a06a,C
0056368dfe86,B
57d48c3277c9,C
6265f6f478a4,C
780d17eb3a88,D
850bcf2a0edf,B
6242e8c565aa,D
856bb5d4b432,C
7a8206b87141,D
a01e94e8c44a,D
d78f69ed4461,D
6faa298b6fd2,A
95ffa9ec6f0b,C
20820257aa2d,B
3bce1d83a6aa,C
47e8bb852479,D
fa41c89420c4,B
5ca9200c45c7,B
8136aee5334f,B
df9d13e2175f,B
a8c0cae3bcd0,B
936d00764977,A
6b4eb82d8a6b,D
826b5c53dc1a,A
8a694ef32fcb,A
23567eb27b2f,B
ecfd199f0da0,D
1f61c9b25218,D
12884941054b,A
cbfd47031934,C
59f0dfc014c2,D
12db561bad0a,C
52060aa38c7d,C
9e66f5b86cee,D
7c647b3ef3f5,A
1f27adb3b2de,A
fb3171ac7425,A
764d3dd7d461,D
be7585961d2f,B
b6726c29e58f,B
420ffc76ea3b,B
65f0ac12d856,C
7d3e13a47a17,B
88d1d584fe65,D
fc80356ef297,C
8dc71f71b68d,C
585d79b232e9,B
16c7f6172843,D
664b285f5b3a,C
78963cd8a5d4,C
845aa873cf88,D
97ad02b5a276,B
a380c0275693,A
1a252085df30,A
1d72852d1773,A
9b17030db15e,C
da8fb030f0cd,A
316ca236de31,D
d23a5fb3e435,C
d17633819719,C
f80d09ed7f1e,C
100d6626f6d9,B
ec13e3ccfa56,A
f422c6ca0369,B
b71b94d13a73,D
a26b0ed60dd2,A
3ea24da75736,A
656585929a7d,A
0fcea4bd3e4d,B
0b1aafdc82bf,A
92aec73acbb7,C
44108956843e,A
39119db078f1,D
5dcdb25262ed,D
e90596743b80,A
f4581cfd9c53,A
122da0093c26,D
e18513eda97f,B
db6ef2d6b82a,C
08225274d190,A
01396ff223bf,B
ff628cf0f6a9,A
0098d23b22bc,D
38c37aedba48,A
4db9fa9a1e0c,D
e1068f9c70bb,C
5fb69ff5a6e1,C
c7cb3e4b6a70,D
dc1aa0af659b,B
fdd1bb2e9b18,D
47f569c6ff7e,D
ab35d70d76fa,D
e86aecdbb885,C
3decb1660843,A
887427574fe7,B
2b88d68e8030,B
c8d03c396282,B
52929324d403,C
f4b9e01d7c20,A
060e4800e7d1,B
f3c2c852c231,A
1b649d33d7d3,B
5913e881717f,A
e95e559e9ec2,C
091fd9727a33,B
8636dbad1f4b,C
fbf8dd68b365,D
d8b29f6294bc,B
8764ba4acc0f,C
0b619f888f23,B
482de1312072,A
dfa23a16533d,B
60b813289403,A
c60996cebf63,B
5102fbe292bc,D
7af37ce36816,D
94a2590827fd,C
34102ea6ac67,B
9217cb5dcb9a,C
ba9a4c4f644e,C
35c4cd235246,A
1c1b2e08a039,A
2c6809cbd985,D
15d27fad3399,D
e7659a574bad,B
9026668db852,C
487c282de1ea,B
faa0a76a8a89,D
49df2877e9a5,B
d252bc684706,B
c84c3cd74e7c,D
487272b965b9,A
b614f685f1a9,B
afb17812dd3a,B
6ee294d4b451,A
ae1364b5728f,A
6403c83fa1ea,A
59d10a7da609,B
1c62a57aad1b,D
9f69b91a7cfe,A
2d46d82296d4,B
c26792f201b4,D
b39abcb03b7d,C
fe16286ba7e3,A
3309ad9795a4,D
eb87f9edda5e,D
5c8c210f056d,C
e784adb5d1b1,B
bf4b20c60f83,A
14135333162a,A
ecf5b35811f9,C
f11aebcb5046,B
9ec776f0a356,C
a4ad97bcc0f2,C
349c92cf2605,D
727f1515dd63,B
b6c0c847ba80,B
640f0b10f10a,B
53ec3abae369,C
7a29df15fb8f,B
827c24f5e21c,B
6db74a442abe,A
824626a34b73,B
504d4c88f39f,B
32807d6858cf,A
0c55328440de,D
16e61b0cd797,A
a883c5e89646,A
23647d83d4fc,D
ff71806cb662,D
b0739585ee99,C
67978266a778,B
475c345973e2,A
dc055816e04f,B
8410008adb24,D
2d48b81ec916,C
700a1352768e,D
e17229a86549,D
3c57a777c099,D
c1c9fbd72f23,A
ba5f9262b0f2,B
8db37d4a6614,A
de666366422c,B
01151b369599,D
14a3040306f1,C
06f8464694e0,C
8ce10c9a346e,A
2248a48a993d,D
1e06d390342d,D
7dc9d1ef47b5,C
594d1a030ecf,D
f1ae3948c805,B
4f56052dc1e4,D
eb6f02eebc6e,A
d3aeb1d8fb78,A
a62733dfe07a,C
44693ceb6f6a,A
dd66742c0e41,A
038f11f2e64f,A
d2b7194600b2,C
4af529662f7c,A
e2efc92c30a1,C
2769b5c15c80,A
29f25b90ae5b,B
5cf1da5bec56,C
ef21b8cefa07,D
7035246b5a01,B
e8f56cbfe0ee,A
58fafff4fa93,A
1cf209eaa031,C
4c9c0b317143,C
936b6f245677,B
11a526a00ab4,C
72de04a20b17,D
a252152241f4,A
594b07d6c5f1,D
cef26432577a,D
79b16538b714,A
650567fae24b,C
00f50713fee0,C
897a88d60b0a,C
d95172183546,B
b5ce63254450,A
dec951106f31,C
fb470d3e65ce,D
45934f40169a,C
d20ea02ed7bd,D
ac329e6007cf,B
341c2e9e920a,C
0c1b9d7ba39a,A
612b05515025,D
29afe1a94317,C
9d796a71c933,B
86cbac08dbfe,D
e2a3d1cf2799,A
6877b328ad87,C
783779d17961,D
de692c63d53b,A
10c8810a8cf8,D
21ac95701888,D
a99aa0c8aa3b,C
b132e5b49a24,C
2e4d6a61aec8,C
efdcc6dfc53f,B
eae71406749c,A
a79e93ede82e,A
a5acd7c4e2c4,B
6178a17f6e83,A
e7bd20591dbd,D
6f20ec7a6201,C
54c47f25715e,D
0982d1cdf985,D
8d75f6eb5d29,A
64c36be67565,A
ac926bf9d731,C
5cf550db86dc,C
4173f653dac9,D
61cd0654f5aa,D
5df357279dc4,B
55737c434f33,A
c83024d53a09,B
52823ebcc2d7,D
7d3f6b352f24,C
ae9d859b7ff5,B
7bee86355c6b,C
6223bf364849,B
80bc5fe66ed7,B
b9389aa37a00,C
a06127b7b540,D
9aeb3487dfb7,A
87a7665fad9e,D
57be74b51b48,D
fbf73f1e06b9,C
27511d7ceb55,A
4d96b361de79,D
c76f04373e41,C
b9edb6f117e8,B
6b9e7d3facbd,D
b362a618b0cd,D
4a8900e72bc4,C
361c74feba58,B
2274375aa84e,D
c8d33d1991d8,B
71a88d47bf80,A
97a1f11c4fd8,D
385327720ca0,A
09d357a55892,B
f9d4dc39ee29,D
b85e4cfaa868,A
22793c21f684,D
f6926196eea2,A
80a70b2f2d53,C
8c46a07a5a2b,D
d11428f698d5,D
c22808c233d3,D
7659053c66ab,A
e988790722bd,C
52409704fc12,A
e7e6138fa647,D
9a5a3e516329,C
9b42482e7fb0,D
16888cbfc107,B
ad8c153c3689,A
43facdf3deb5,B
fed301cc5367,D
70187bfeea25,A
9af19b544939,A
438a241bf8d0,B
a3529b690d20,A
5ff809def258,B
3b5d1f7f02c3,B
4ff244c42d3d,C
aeac61fccf3b,C
c70c66755c42,A
7a672ff4e446,D
18506194dcaf,A
4f7dc658aa22,C
3b36477de25f,A
82dc6a6aba51,B
aedaf6edf49d,A
12a5a9c90fa7,D
3b375d9b0368,D
4cc192595b0c,B
524eafc2ea10,D
2abb39db9013,A
4eb83b22488f,D
50e4ba415b35,C
ea20ada47f59,B
1c44b8980e12,A
449133508674,B
19f22ed228de,A
7f02421b60c7,D
5ff85bc28849,A
0fc2f65fafcb,A
b97ecd16b2e2,A
8379eb9f38bb,A
0520012459e8,C
945e0f30056a,C
13a6c8dd13fa,C
7d8955528325,D
f5b67ab23fe4,A
5af80282fa53,B
bf2f8d3b9b13,C
75c1598da8ab,A
e6bb73f92f06,C
351376bea45c,D
1126eb1d0e2d,D
e6e664ca5971,A
826e99d1e355,C
0c94ccbbab66,B
80bdf5fbf510,A
5169e5f792d0,D
67a4c32d19bc,A
87a47fcf5435,B
30938f119ccd,A
6e837c12f8e2,B
7548c51105eb,C
b1302df5b457,C
d30e0d3a6b1a,D
e5c2d974c3b5,B
4b43e37d7018,D
e19708e98d5c,B
8f5616ed10da,C
d64ef89b4fc6,B
b827bd462b97,C
296443eb2034,A
a0fedc277005,B
156a05e937ce,D
193dc9b73f9b,D
1fe040ba638d,D
5579e3f0194f,C
897b01e174f6,D
b6eeac460751,C
e2e752a50a14,C
ec631dc00510,C
79c7dae0ce60,C
4fdfd87dc858,C
9d1d55029cc1,B
980ace73dcda,A
dd9a34d14312,D
ea7669ecaa5b,C
19f2b357404f,C
feca41ef96d8,A
1ce206589957,C
f36637ecbf8a,C
817385d13f70,B
e04598113e14,C
0db780b67a6e,B
d7397661069c,B
2b3d9bf5740c,D
5482e6d615b1,A
5f4bc076e22c,C
269ba9fa6b79,A
e2c83102d051,B
98dcee423591,D
f88625b89be6,B
86b0106cd96d,D
7b7408631fec,C
c0f80910daf8,D
1a463f9d63cd,D
ad93498e043a,C
6f4d37ffe3fa,B
d1eb4ada6438,B
789391d11d46,B
ad24e378ce63,C
f5d2e597beef,C
7edb2cd2517b,D
4d20d5cb7e99,B
2269633e1c28,D
a94abc8de713,A
c83e5f9e0675,B
427d770e1e0d,A
d563e0d4c176,C
b17bce49dad4,B
6e643b04750b,D
94ebd300771d,B
79da0bbb13ab,D
e745ab2c1b22,C
0f6f2b153fa5,A
98344f4bc810,C
6d6147bd1e52,D
dc64277c5bf7,B
d834290c127e,C
da285f2cd506,C
9a5565d93d10,C
681468954f4d,D
30ea445472d8,C
f0bd6cf891d7,A
2dd81df5440f,C
562c650079ed,D
e376f23464c3,B
7ea203f99939,A
f98d13ac9f78,B
b73aea35d56f,D
9ebad35aa5f1,C
94cb7712897a,B
381521a2f48d,C
320528c23094,B
099f88a253cb,C
bd0e658a1a50,C
4070944a2430,C
f31fc32a1fdd,A
089c08c2a435,C
0862f8979c9c,A
a95b41db498e,A
45c86e5601e3,D
0449e57aff6b,C
5ab25244f070,D
7a08fb4c230b,A
8d0a47eae3a8,A
ea1fa055739f,C
2d28a2fcd651,A
2a1455dc9c6b,D
de06c1865bcb,D
bc73738b143b,B
ccb9f0822a28,A
44030e810dc7,D
ffbec09d4c75,D
a0476327aa71,C
52a578b81c6e,C
080c0b56d583,C
a9d98744f759,A
c4633cafda1a,A
e3e5cbaffaa3,D
28f81914f2f5,D
9ccdece8f7a1,B
e52a73228712,D
6017b51c451d,C
c4976216d341,C
bec827ff831a,D
66ba92a712ee,C
22498a7940c2,D
0cb80d5c20f5,A
7c016861265c,A
476439d70ca4,B
7664d4fc020c,B
b10632f271b3,B
572979016d29,D
a8f04d4021da,B
95890c8a8c8f,A
68c85f2ca799,B
7c7b150668ba,A
658e2b3975d1,D
2fe94ce408f9,B
e1fe41a2dda3,B
97b4c8810c40,B
b3a087eb41aa,A
022b04acbb92,C
cff803682a63,B
2747909de51a,D
f54ae6e60d95,B
29d305fc1f2f,B
a0b6c46bfd37,C
801054a5aafb,D
15f14c8f3cff,B
ddaea24ee871,A
deaa3704b469,C
e800e0034d90,A
9258072feedb,C
89fed0223e70,C
0698845de444,A
b67630e69c1f,C
4c5430234f37,D
dfe52e44bd82,C
4507218b7eca,B
d8773ad7c0be,C
1bce4537ebec,D
0440b715574c,A
4e49e8521e20,D
5ad9a74742b0,B
b865c83c9552,C
b0f4601bf14a,A
ee1cd6e10518,D
393acce3c629,A
d924844f36e7,C
91457beb0c05,D
02420d4268ab,B
1b3d2021f420,A
beb17857f43a,C
1be6f7099075,C
448b4364e371,A
d21f7486318b,C
7548c17970ed,C
ff1412fae844,D
d836d659f780,D
33c9400e5bfc,C
93790ac36e2f,C
ea901db26f6e,B
b7c2dbb209ce,A
9f7b9e1e66a0,D
c927744a267e,C
e6218bb6ae17,D
5dfb2189e143,C
27a41e1880c2,C
67fc866f80b4,A
335b092c8c97,B
8a42223fca36,C
bfc6317bc5fc,B
759b846b8bc9,C
a52e067d9c5e,C
f69d83212f11,C
8314ad8ebdc4,C
2b03897d37da,D
466f427e1387,C
dcd9ee231f55,D
ff424b542c7f,D
ab2117e8ac40,A
8924bd391885,A
b4034cf2441c,A
a0291e7c0a5f,A
2646aee0fd6b,D
bec5d255f061,C
1fb4ed941ba0,A
badd34882bc4,B
51f04283ef46,A
aa7dee5d2093,A
e524dda195d4,A
0085007d4429,D
c6b24bf2bad5,D
cd1640946550,D
2a254a030d3d,C
48b47584b3f5,C
99ad962ad385,B
8b199e812a12,A
8e1aa278bef5,C
1a0342b7cdfd,C
8b7deee61ab5,C
f9ac23f211d5,A
c1bde293c3d8,D
f70bf1dbf950,B
cdc92ed41b88,C
37ee58d0b890,A
3c22875b0389,A
8ef590c24aec,D
11a8d8ee7789,B
fec10c3f54be,C
3753d1317523,D
a8d438d53464,C
f35bad884126,B
9e9ff538c61f,B
7666f224bbda,D
19eef3c8f5ee,B
bade6161d05a,B
4085875c2d0b,D
3470f0f9cf10,B
1f72969126a0,C
85109ecb6fe4,D
b34495c8a872,A
761635bf46cd,C
db7d4f0e45cd,A
1cd669a60932,B
ce91a310098b,B
d9c1a80cb479,D
95c947f5725c,D
7be9d5e8350c,C
a3a89aebcfdf,C
eca51632ca09,A
3343294f6995,B
81e4f57a103c,A
1c4753ed961a,C
a3691b476b16,C
26cdf45b2130,A
c8d491eabb2b,B
20d40b15a994,C
d07478bbd84b,B
16bea8eb1ba9,D
3a69c743a664,B
46ff6db617f7,C
830c56e6a7b7,B
38c2c3337721,D
0613489f1dcd,C
34121292cd03,D
889356b2c67e,D
a895db96d77e,B
3cadfc36cb9d,B
2898fad2e2a1,D
aaf0531f548e,B
289d295a0cc0,C
f9db8f36874f,C
ec9fb0701eba,C
fd7ea90a4370,D
dd13ebf12d37,D
cbb3ad4e9d1c,D
4b89e043c530,C
67434d43140e,A
683c1b9594f9,C
64de8f945445,A
c4dbedb08382,D
3ac93fe08d12,B
3d34808b2a0a,C
ebea19bb3296,C
5a73b2ecb75c,A
f2093612a0ef,D
775484c054f7,C
e694faa208f7,B
74938b1bb71f,C
2d305f2f27ea,D
5ca36a9fd66a,A
3cabe68dd35c,C
fac12954abe9,C
e295290c9e96,D
03af8d9f6221,B
29cea2a188d3,A
7d02c70184b8,A
10e4fe877ff4,B
d5ab09313ec6,B
58bfeb3dddb5,A
a175fd55d7fd,D
ab2e9c686629,C
6ce510132a79,A
b2e56c910510,C
253c32efcd04,C
08b1924f4984,D
fa7f93c8cc2b,A
ff5a1bfc4445,D
99b29c95f1d8,C
fd54067b6a9b,A
1641809afaaf,D
968c7d568d34,A
8eb9f4e703ad,C
3e928708fbdf,A
b97816b7107e,D
4f52b0576611,A
348d70948c13,D
5ec84d432297,B
609e7ee131ea,D
6ac6ce1a798f,A
940cae0fdda5,B
2a7b0c2c4140,B
a46ace884e8a,C
1e681f8e6dfd,C
c3b9ae6d7ee4,C
4ad97e15df31,B
64974b2c83c3,A
f017acabcf8a,C
fe5cde8341df,D
ced0732aa043,A
77716daf62d4,D
39622d50c28b,B
32a447702724,A
65b5ea094edd,D
f54d3daee788,B
6393efd82633,D
ca4e70c2a963,B
be8a9a9f607b,C
83d8559d3999,A
ac66c02971d8,B
9a8b1ad2c1cd,C
88580a4493dd,B
829cfdc06596,A
03388378e5bd,A
a82a873290b2,B
fddb8d58d7e8,C
a23998124b1d,B
c452162b24fe,C
8ff0ce65d3f1,D
41cbf1d92304,D
773553341186,B
88157e1a4908,D
43acb5666a9c,D
d30a624661a5,A
60a20bce72eb,B
9b9c4d4e7c5d,D
2d5319d46328,B
fdc14dea6a18,A
3a1f211a9e43,B
82be31389956,A
a4b13d2b225f,B
a5ab9f4cf74d,A
f19d7e7fd1a2,C
cd62840faf47,A
ea5213ce0d53,D
014fb6a571b9,D
c238c160f944,B
659279aec6e5,C
7b014b2d8e11,C
bac3baea5a9e,B
1998c14079ea,A
57f331b426ef,C
5d573de465c7,C
a325d8a7e39f,D
159ba9f36359,B
b60b5508eb55,A
9bc14990189f,B
4c8f2901c671,B
67b17055bb7d,C
37b467fbe087,A
09e718bc1665,A
8c9ac396403b,B
aa28f77bb231,C
25da4b6e8ea6,B
fe6dcdaced59,C
6d79b8e3e4ec,A
5503934e6f7d,D
1857439c07fd,D
3e522dff97ae,A
69d1812ab227,C
c3da12369791,B
f39be469c543,B
620ad522625d,A
cb3a8101906e,D
acc3e1b4ce1b,B
8e7f1f3381c2,D
c32bb12846a2,D
09d758540ee6,A
26a50b145689,C
3f88490d5b48,A
0beea21b6c7b,C
b26b66c7222c,C
edd1c6fe37ba,B
d1e0e1e79b13,C
304b0cc7034c,C
2c3164422ae7,B
9dd4d3a62a41,A
6db91cca5ea4,C
de94c323fca4,B
ffacb9b943f1,A
badf5545c1aa,B
4ad515cbdcbf,B
b30e52b3377b,D
0fc6fce9f9c4,A
f18774f3f3d3,D
2fd65d2514f6,C
16be8fff8591,B
fc78810a0e86,D
f7ecc6512e3d,B
c920cfc042e1,A
e796f728f2fa,A
f01c0b2b1d4c,B
9c00082e3e80,D
3401feaeba47,B
38e4bf8f962f,D
b5a6ebecac64,D
bf0300638b0b,C
18ae26f2e91a,D
2d9e3143cb81,B
8372074d70a8,D
4cafd8770518,C
7f4ab09c2992,B
306c78376c51,A
a159b845db40,A
71a093920049,A
273daf513a99,B
af7470a63be6,A
0bc09e7316a3,C
715f589395ec,B
6499a734a43b,C
c6f78ae97a11,D
8dfeba6e17b3,B
14cf68c36a61,D
4bae3c26a3e2,B
f2a83f0d56d0,B
5b717f5d62aa,A
a0dd9eef12b9,A
d797b724cc34,C
18eb16acd367,A
9037b25b59a2,B
2cf0ead4ad5e,B
330b6d8eb47a,D
d2e85313b1e9,C
88ecc339c8a2,B
c02ec5007ba9,D
1b2fd5a896ff,A
1b31d691f3f9,C
33fbb468c418,A
429dbfda4af7,C
28f0d3e99a41,C
bc6f50c0531f,D
fbf747de8a48,D
732bf84c51ef,D
56eb7f2dc9b7,B
67b83e1ce238,D
17f65e2c4e3b,C
77f5324c635a,B
7abbf1487f82,A
a231ce241274,C
3c131391d384,C
2d68a792b9c7,D
1d124a0b1172,B
a486d5704e6f,B
36ec3c8a46a4,B
976dea079168,C
f7dbf63e021a,D
312198c01151,B
e5c2e86f11d1,B
5fcfb9ac2401,D
01ffb77996f2,D
66eab73178f2,B
2db45ed6e9ca,A
2ea70cb966bf,A
0a28843361ad,D
a4252d6da8dd,D
0daebc3a26e8,B
4361e5bcd84d,B
83a73a210727,B
55cec8b6f95e,D
6c98c69870e4,A
b79822f0aed4,C
1982ee52b54a,D
1f33582996fa,A
ca8636c47ab2,D
d5a674e7f689,D
e679ec21b0a8,C
79b75d709cf6,D
569d2a57c0cb,B
d4bf654fd265,C
2ca5ac17a892,C
22ee7c04b07c,D
2bdc4c8d5e9b,C
316d9d0dd82e,A
288e478bcec0,D
2cdc87aca875,A
1cc17f8a7588,A
1218a330c3e9,A
36d5f6e31873,A
e27e5d5a553c,C
c28827fa8e4d,C
1e9c58c00365,C
4194489d56b8,C
5e5d6278d08b,C
1bd69506e5b7,D
97e105dc2d30,A
09aac4f92edb,B
093864065bf5,C
6851f6ce68d1,A
f35d23e3bb5e,B
1b55d1f6aad4,A
f91d3d1a980b,B
a3f2ced63f37,A
af57ec95bbae,C
42eda3de176b,C
96a6cc51ded9,C
563f14af2a26,C
ae1e43ff6114,C
7712381ccfd8,B
e1750ed0da75,A
ce8373a267c6,B
95fd9d2f6be0,C
ca1a25dc0d1e,C
07e3b2fd413f,B
30aa53299792,B
7591ad55abe7,D
ea968e740185,C
e7391ba830bf,C
a31e96b01a2f,B
cef064e1eb0e,A
96e5933a350b,B
c476693606eb,B
88d766b0e307,D
e3119008a5ec,B
cd86bf96f096,D
5744c489ae2f,D
8bb224316b99,D
2e9f785ec1e8,D
a6c226682489,D
afba1e1d2ca6,D
c23c1c9d4981,B
fbc4b9466ac0,D
ef360c244216,D
ff192e401cc7,C
d6757d09c3ff,D
7aef077de674,D
86b7af005633,C
7941fa4bdf03,B
5e2e64c1f0ac,D
eab8da26b13b,C
8b2608d2af78,B
bed04fe816de,A
237e478fee4d,D
8602fd2751a6,D
6bb5c9487c8f,A
5c80820610bd,D
e3a11a3bb220,D
e07a4f71364b,C
74844e7546bc,A
4b3d4754b385,C
fe7510bd3f4b,D
6031d8f80e4f,D
bd586d270aa7,C
b1f1c1b1a617,A
ee901d6a4c18,D
4797f02783ba,A
8087291f14b4,C
cb765f8fdd35,B
8c4782638e00,B
f73e04df0329,C
ceea5e864b8d,D
cebf41692981,D
8fd4d1fbaa6f,D
e4771df771e3,C
7666c835dcee,D
75fa3c67b6f5,D
002d50eb0dcd,A
d5c2a0ab6fcd,A
9a9cae53b2a0,B
8602d123f6e0,B
d4d4ad0bb58c,B
f5d6350081f1,D
e36702e2b9c7,C
0bd3bd2aa2b9,B
bcb2fec9eafc,C
2db68774f897,D
ff0ccb9d2e7a,B
b41e3f326464,C
fa89c761a4c4,D
b4e38776ed1e,A
1aa0c9fdf853,A
10d628b20f96,C
c957e704856f,D
77e76292586e,C
48852884660d,C
c64464f26718,C
d01af84fad31,D
0b2a45f2eb22,A
97f7846826ef,D
b70f924dbd0d,D
e0b2d7847b4a,A
1aae3530bb93,B
1b8b897b9010,B
c0f33ff0105a,B
b8248d358eaa,B
e356272cac9e,A
1cfc01caf2b3,C
215ab9dc65d1,A
5d615e250839,C
3ff16a14f521,B
b340246d95a3,B
083a9656712e,C
498d8cfb5430,A
e1071dad321d,D
bc2a706f4d84,B
708fdfe77a5d,B
9150266cc70d,B
681cd75e1a54,B
a9737f384663,D
66fea8729833,A
a1ab0581b263,D
2ef102c01d08,A
c34fe84522dd,C
e37a841d96e7,C
385f7da01e7b,D
e4ad337c0b74,B
3879094ddeb3,C
67de898eba62,A
98baa5a36391,A
f5a63621d303,B
7c4ac91c5ec1,B
7205e0d1466c,D
752b08e397ad,C
e7da2ba90ed6,B
85002dd3e6f6,B
d53cc45e36b9,B
c4b8175bbddb,A
4aa6a1ba08d0,C
90d6eae38dd9,D
e6e03926ce70,C
42fbd9ba2bb2,C
42d6919bbd60,B
2dca9d8e14a3,C
73084467c718,B
a94c1acb9528,A
b7ec0bbd6118,A
5f23c2f9d0fa,D
55900adaac55,A
2121309fb06a,A
cf85bc4cfc5d,C
60b15f996993,D
a388c2af3a09,D
5b415313858e,A
0ea37abe6a91,C
1838a8fe4bea,A
a2bf2c580b1b,A
5d3634bce6b6,B
7075051decdd,D
b8baa9d3d8cb,A
0a5e85fdec11,C
8ccec8159536,D
8823085fd2b2,B
0218d89e2266,D
bcb2b69d7a0b,A
ea8a778b02f3,C
e64a9e67be0a,B
c04c0b7d4fe0,C
11cb85521d32,D
091dcf2d75ff,A
805f162a89b6,D
3c49d24512e0,B
1b62136c9581,B
746a987df0e9,B
eb610b181da1,B
0abbb3b72bce,C
0d0728a597f4,B
7c5dc0fb89ba,A
8f0bb157985a,C
31fe7195d0da,B
f4194b81907f,D
5385f1881207,C
fd1836b4c32a,A
f08d7cacf390,B
7ca3d287cb86,B
264e91f9b156,D
04da41643cb2,B
6658ce4ff562,B
ba45f7a5f856,B
e2571e4e8960,A
bec913adc16b,B
15be3bfa3478,A
a737da348eec,D
26c22f3e8576,D
ba7233d6a2b4,D
e5bd75b8598c,C
fc422bf8fa1d,B
50cb4684312a,A
64b2fba7420f,D
c407da4129e7,D
94d786760729,C
d1caab8df663,C
92deab133a18,B
ed7e9bc0c0f9,A
b74bdcdebff5,A
1394d8c3063c,A
75e3b5ea112b,C
f68e4eba70ce,B
ffe066ff1799,A
0427416b8171,A
dbd572e2a4aa,A
3b441f4e13f1,B
394f725b4ff0,D
e48af34ad503,D
a7043e41adf3,B
e2c9c835a2e8,D
c41d254bd3ed,C
6abc8c911eb9,B
303549a67e68,C
0f547202bc14,B
a8e538b4a089,A
ef2d988413e3,A
bcfe393236fc,D
39f46e60c20c,A
67106fbd00e4,D
27c0e6a98a1a,D
120c45e1c81f,A
207bb9bd97ce,B
dd7f6532b7e1,B
5b1851d9eea9,B
b3061087063c,A
311a1e677e45,B
95238e80c3d8,D
03043d8463fa,B
22aee3ca163f,D
2ae9a9eaafdf,C
2ec299812445,C
e6a099381cda,C
620cccb902fb,D
60326970a29b,D
3fcf2f256aa7,C
2283a94a2b3a,B
a3bda64d4564,A
9d004a2fccc9,B
97e19d59d863,A
8d94762731ad,B
7de93af9483b,C
1c17a6655a07,A
830fb2ab3f3c,C
771d5d197e5b,D
f99648b4419b,D
aa695d0f416c,D
c47155e77654,B
669e49675fa3,D
e0ca7f463965,D
3b89a0bee25b,C
2fb95f3ee7ec,D
509a11e3ede7,B
dd9d7b443748,D
d3e619b71bbd,B
d5467f93544a,A
61359f63e025,D
fc17469f3382,C
834f22926ea2,B
4a245fd80da1,A
78f305e27d90,D
fc91c8357251,C
164ddbed3270,C
f371eb1b2192,B
ae55e567e896,D
06693b648865,B
36ee714f4a15,C
54139690835d,C
673fe355bbc9,B
9e280d2fe7c3,B
c95ea3b755be,B
d6f6f13e9093,C
b6a85cdcf74a,A
8ba093759645,B
467490b90608,C
f44374e56809,C
115269e30994,D
68e5dfc9a014,A
10991c7e9d71,B
3d647de3d925,B
46d0534f4e2d,A
90c7e3f2de4b,B
88cd83036c77,D
3fbdda486bb0,D
635c8fc38345,A
de14b2f75a89,B
cf85991eb269,B
055ab9c72b97,D
7eb770be23e3,C
55fa5b9b22db,C
9ad5f6dbfa78,C
08caab68649b,D
f512e7fae797,A
b0c1833f5316,D
e22cd6af58f7,C
87ed3e2ef657,C
218a349cceea,C
56edac7f231c,B
8828045ef75d,A
86a6f94dfabf,A
ec8d8808f797,C
e56b1fe41564,A
eae0b40aec4e,D
85b6e3f407bd,B
d966ac79e391,C
7a316c77d110,B
14d8ab00a349,D
3b8c49e1a1f0,A
e251f1a6ffd4,D
0ef0c12e7548,A
c782c5435b9b,D
3ba7718419ba,A
4e5dd67830a7,C
103829709980,A
890bd100c3e3,B
1cad61bd2c03,A
243f76480a56,D
d52ede57635a,B
124cbf57c5f0,D
1f5c678dcadb,D
51a8eef67ed8,C
f84cd76ff708,C
18392244a894,D
aca5f862d43d,A
518594e72964,C
54d08aadc9af,B
998448d885d9,B
a0348b14fe09,C
16ed21d3cec8,C
4ef86a962f86,B
a77503b20b18,B
3eb44402fdfa,B
9d4bd79d85ab,C
083efe887fd3,B
09766505aad2,A
d4f1a14421a9,B
5450644d4700,D
a8064f376423,B
b1214e2b6e12,A
319b5d03c705,A
24983b0b10be,D
01a7645a47ce,D
bc0af5dbbc3a,B
d6470e62511d,D
4b6142495056,B
f1157e1009b6,A
7320428a2b66,C
90d58548a4b8,D
49173f3189fd,A
7863c571066e,D
5c8886808c77,C
0425e6206510,C
364115ef68ad,A
2bf143f122c7,D
2b11e5a3eb4f,A
735a9dcb229e,C
6785c5175723,D
bd033ec9dc0c,D
6e4c472a3ef9,B
6418cfe6bb9a,C
3093f6cb8a7d,D
f13f63c931f0,C
fae5e559fc0f,A
76cf61b36c27,D
00378e119680,B
30fec231dd6e,D
a798ed2743fd,A
7c6117679443,C
19b5bbff98f3,C
34181a797497,D
4f600c000e9d,B
a8dfd42d7037,A
477df21d4b40,B
96fd52b9df5b,A
4f408674a295,C
9a70da2e5a53,A
de20e83e3c79,A
e5675fcbfd73,A
2509ff41cbdf,C
b5621782cdd7,C
ae9523e928c2,A
5736ed34e39c,B
51477fc0d291,D
6a748420c0bc,C
f15dcb383874,C
7d1f4743f8f1,C
dc1cb40cb7a1,B
6ed346970d7a,B
507350e31e3b,A
39588b6e5b79,A
7a617e9e62c4,C
42c9f833b39f,C
1cffe04f9d9f,A
559f1fe38b9c,C
bd2825369b78,D
8269ed855588,D
5de3881d9b34,B
8df29eccd7dd,D
51ea5b8e2dd0,B
cf0af6b6e481,B
f4537468448c,C
fb21b7c55be3,C
0ebfb5eceb49,D
d976288eaf04,C
418ddd443ebb,A
09287cb75548,A
21571da2095f,C
e76b7dd980bd,A
f0b7732d2c22,C
57b826dafbe2,B
9303924fb2a7,D
d7533b166568,A
f66f371546e6,D
cb05785495ef,D
2c45d336d9ce,A
1fbb55654aa7,B
087ff013446d,C
b1db7aa2ccef,B
b9671e96942e,B
40ef3a29d4b0,D
96f82bdcccad,A
80a68f054694,B
32e7c71c05c0,D
6f0c57d6d01a,A
042073f8748f,C
c79f0197baa4,B
742cd8007775,D
abca8324ba49,B
8f37b4ea73a9,A
9d546f72553c,C
1d43069ce401,A
b41d5a4ee2b6,D
4b2935eecda3,C
b068d8fbdea6,C
37e6116e59e3,A
4218e6d32a27,D
0fe2b16bc6bf,C
e2e61ee2e8e1,D
fa5445202f66,D
dc77c8c0850c,A
4958f04c293b,B
3df883870320,D
eca3e151e888,C
afa8c0a15c78,D
8c5e6be8253f,A
2516966005b4,D
1281f3452124,B
ecf084a7e7fb,D
ba25dc9d809e,C
c647a3e61da1,B
8fc05dd0f716,A
5c496800c46e,B
a70fb8a7eebc,A
cef90defb158,A
91effd575302,B
7785ae9fbe43,D
13a3de6a59dc,B
1a719b832797,B
6a1123ef106a,C
0f4094dd5f2b,C
44c10f7d3066,A
2cb51ee8f1b3,D
b1eeb532b513,A
aca37ba55c3c,D
2267fff9ab65,B
ab60b00614a1,D
0e4c44bad980,A
6220bce75c07,A
cdfe026e40c1,A
322b1123429a,A
b1b85f054635,B
cb2580c3c270,B
d4d5c7766c61,C
ed38675de2f4,A
27f67089615f,B
9e6242e70403,D
acd3ab7f52f0,C
70303f2e4193,A
366692a037be,C
8c8c159afcbf,A
d0f319154797,D
77926898fd33,A
b811629638f2,C
2edde6898f7d,A
7a09416a7c3e,D
e5b41fff48bf,C
9370fb3388a8,C
36d6641a856f,D
ad112a418055,C
755320f44817,D
28ec6ed419dd,D
5f776939f8ce,C
05e4183b1d4d,C
c4ccef1fb97c,C
0c3367766211,D
611c466be87a,A
73c292de8eba,A
4449058cedd2,C
c9c85d7764aa,D
4e0086ae7deb,C
9f5b6632a919,D
4e9bef866ee3,D
7a16f3c9c406,A
ce13f0e35395,C
efd697ffd382,B
6fc4c5780f8d,D
e95d359649b4,B
612f29891d3b,D
26bb68ecd19d,A
ae42e2b84d6d,C
f38d085e8fbe,D
3f9d08e42e06,A
36cbf6cfd46e,C
4bc36605bedb,A
e9cd849963e2,A
b4bc4f527bf4,B
fcbe036ba982,C
4c90a71dbb73,B
33ad5b27efea,A
63d2f2fd999d,D
1f2e6b566cce,D
eaa022cab4b4,C
24dc914e06ed,B
d8eac9ee4ba6,D
a00622d81979,B
6a056eeab38f,D
0ca2d11a6021,D
0d89c6e93674,A
899c47284a8d,D
7fb0de56d9e4,D
39bd25dc7b71,B
893e19040f43,D
35bb5281d5a6,B
498978120bd7,A
3ed60d68a1b0,C
f16308599292,C
7ce11987a50d,C
b51ab02adb04,B
ed680b5d5fa0,D
45974119fb79,D
c0c1a48f76df,C
1625e5fc44d9,A
02e5556bd1b2,D
1a65fcc8f18e,A
ee6bca58bc9a,C
b0d005774241,C
661e1a76c586,C
a1b6dfa25333,B
630e2cfb1e90,B
95296912e50a,D
bbd26306de8e,A
ea63ff221b3e,D
cb02ed1e5779,A
238986963d49,D
c3fd5ec29fc9,D
1e2c635d2c07,A
4341c347e0e5,C
a078ad570567,B
d2316dfa9063,C
7ac0635ac794,B
200c1bb3276c,C
4c29d007e607,C
207198ed1d5f,D
a1d72622b501,C
86e509b330be,C
74a2efd36f9e,A
d0356272a730,D
e857b6189153,D
df5d5765eb63,B
a0d9bcc08726,B
9d7b253d188d,A
3fd232c6c4b8,D
8c996b686950,A
6f2f3213fcf4,A
f8a496db8d24,D
a4aa5dde0e61,A
3ea020404d47,B
9e3233f791f7,D
73c52cc9bc5b,D
9de4cf1bdcb0,D
511c057c9569,A
3aff5cdb9494,A
fb9af4d8a271,C
a701609ceffc,C
1e6a61cda8b7,D
047cc888a0c9,C
197064479e0b,B
a71393e155f1,C
b4c8b7b6bffb,A
67711718edff,A
00dfb333c839,C
c441de4ec854,B
b03d9cfe6595,D
093a11818329,B
b7eaf832d27d,A
1ba0bb4641c3,A
1ea51e5ece06,B
8b125fb7034d,D
9d92fcb5424b,D
96c9609df121,D
177e3b520665,B
7a1b3b36f19a,B
f430dfd75983,D
0c6a0e923a57,B
e1960c6ceb8c,D
25a168c2fa6c,C
58c05ebdb8db,A
9447c476740c,D
74cb2de5704b,D
0491eb48b9bd,C
672390b85d07,A
613ac1a10f68,C
2c6f9472284e,C
85c0c4c9e8c9,B
87c0dda32188,A
64011e9b6723,C
01b2b9f7aa08,B
41aae08dde65,D
9aecdc8faa9c,A
b6e999121fa6,D
e685bf145c11,D
e2aeca46e227,B
6378b092af33,B
9b7f38dd85cf,A
a792ec5f2b9c,C
debdb537f5b4,C
39fb56256720,D
5b8243f7d14b,D
f9730359aed0,D
cd6d654e0e19,A
bfb57fb4dda3,C
39cb65246ea8,A
2185a5d86c9b,C
3b74b15f0e89,A
5aa834fd3c8a,A
fc7b3702afdb,D
21fd8e6ceba9,B
3cbcea4e9b12,B
3e62ec391a15,B
716a7ea75327,B
a6af455c34b9,D
a31779715cc5,D
8463f1b9b2b9,D
a35c5b0766b8,B
74f55a8c868f,A
cd79c1bbd434,B
70fc92deb7c7,A
06c64a832b86,A
93310bae95f7,C
1502cf0915f4,C
cca6dd4f1ef7,B
22990d75bdb7,D
ad52b5d3eebb,C
05a8bac6cc2b,D
20507ee27178,B
9c90058acf0c,B
d4fe24b2c0d6,D
f6fbe4c8eea1,B
823e6855ec01,A
2b80cd0dc240,D
86398cfb96f0,B
f38d518ecb45,A
6508006b45c1,D
99c900f16300,B
f094ee170984,D
58aab37068c2,D
d42493f0b244,A
08ee872d8489,B
127d9bf26a13,B
af75a7575a04,C
2cde647593aa,C
ea500e2ab88e,A
cd5ca6312a58,B
554188767e3f,A
e4fd83d224b9,A
9a55d12ee064,A
d59733a18d7a,D
b1efdc80df29,B
82d629d4ace6,A
9669723e8d46,C
d5335d4251df,D
e0d6ca361844,A
8a66393cbfff,D
6adf706946c1,A
757bfb73cb95,D
e76261110d72,C
7dc67c7cf429,C
e18097f2ce2c,A
a697259dd19f,C
4d03c0bd3f64,C
6a574d265aae,B
fa6b4da60096,C
3e59485d641b,D
ebad155af335,A
3fabe1b81241,A
6a3bce39ecb9,D
81b9a711dc07,A
c0a9dc3ffd83,D
210cbe260d47,A
a6110b5186fc,A
27aa8aaae5f9,D
867e2c8ec5e7,A
1ee1e2c6ddf9,D
50bb6ed8784d,B
1851c40819d1,A
de53cb74c5eb,B
fc1bd818f98f,C
c67d232bf5b7,A
ac585b25b298,D
6ba0d1556a5e,D
24dc9fec7a99,A
65807484a7d3,A
fd578af40838,D
3a3a17dc8cfb,D
85ec4ba7128a,A
341ab1aeb9da,D
46a21057065b,B
2e08f347dee1,D
e579ae0b2087,C
fd6f3a244268,D
339d023c0f81,A
0a503c7bbdd7,C
c8c7c466dfb3,A
c6c04987fd64,D
0ebda14a741f,B
87339a211f85,A
a55d52355a92,B
a16f43c70be9,D
f4d8012d3160,A
a1404370f6b8,B
047095557c8b,D
1cda61710ad3,C
5b5a9a7758c9,A
c5446f28dcf8,B
3902f0c4e464,A
3f90ad36f43f,B
e94b53741df6,D
9a61da1ca627,A
5a2d0dd76751,B
d1148aa5d38b,C
c2a26822d6bc,D
0b22f6a333d2,A
70ae1de00545,A
0d83e4020ea2,B
01c4f201afd8,A
65bde793b3e4,D
c1c52ece1356,D
1747738902e2,C
e6f01c0f0c74,B
c3fff5a8607e,D
fad25a572370,C
83afd0b3f0b2,A
319c88676d12,D
ccf674c2779f,C
a4dc8763175c,C
d52b41405932,A
c93785e7e7ed,B
f3a533272d2c,D
936070878527,B
72cccca087d7,D
8817a233b249,A
4ba250f48966,A
abbd9819a816,A
e3344afb970a,C
d2e3c98ad904,D
ca7a0d763011,D
f278d70da46d,C
cf696e84e88b,B
e602d7b99499,C
cd5d00011fdd,C
bbaf2fbb5ead,B
